pair,avg_icc,avg_agreement
GPT4O vs GPT35,-7.818592853970524e-17,88.66666666666667
GPT4O vs LLAMA,0.3868039069358775,91.49659863945578
GPT35 vs LLAMA,-1.3621263494722027e-16,62.244897959183675
