ai_model,human,avg_icc,avg_agreement
gpt4o,recruiter,-0.014854700240807468,49.0
gpt4o,owner,0.04712081594005255,30.666666666666668
gpt35,recruiter,1.2028581773308043e-16,48.0
gpt35,owner,2.82536525492927e-16,50.666666666666664
llama,recruiter,0.01831953992601593,32.65306122448979
llama,owner,0.04394684310262515,22.108843537414966
