metric,exact_llama_recruiter,within1_llama_recruiter,within2_llama_recruiter,exact_llama_owner,within1_llama_owner,within2_llama_owner
cognitive_ability,2.0408163265306123,4.081632653061225,44.89795918367347,4.081632653061225,30.612244897959183,38.775510204081634
experience,2.0408163265306123,40.816326530612244,53.06122448979592,26.53061224489796,36.734693877551024,91.83673469387756
problem_solving,40.816326530612244,51.02040816326531,95.91836734693877,8.16326530612245,36.734693877551024,42.857142857142854
reliability,2.0408163265306123,42.857142857142854,46.93877551020408,0.0,0.0,22.448979591836736
professionalism,36.734693877551024,55.10204081632652,100.0,4.081632653061225,26.53061224489796,40.816326530612244
communication,0.0,2.0408163265306123,36.734693877551024,0.0,2.0408163265306123,24.489795918367346
