metric,recruiter_bias,owner_bias
cognitive_ability,-2.979591836734694,-2.3469387755102042
experience,-1.7142857142857142,-1.0816326530612246
problem_solving,-0.7142857142857143,-2.0816326530612246
reliability,-2.183673469387755,-3.5510204081632653
professionalism,-0.9183673469387755,-2.2857142857142856
communication,-3.204081632653061,-3.5714285714285716
