metric,icc_llama_recruiter,icc_llama_owner,icc_recruiter_owner,corr_llama_recruiter,corr_llama_owner,corr_recruiter_owner
cognitive_ability,0.0370609087979376,0.042926829268292645,0.09634926608957448,0.23374418277232334,0.20150969193460452,0.11757556644139047
experience,0.037667071688942975,0.16174402250351583,0.09634926608957448,0.08044489089669075,0.2521541805507709,0.11757556644139047
problem_solving,0.05330490405117299,0.05602716468590826,0.05790545125537223,0.0665524718595484,0.19794220931109016,0.11757556644139047
reliability,-0.0253164556962028,0.005774541802661159,0.05790545125537223,-0.1862067959103094,0.10965816714070264,0.11757556644139047
professionalism,0.0017152658662092644,0.0052500690798563295,0.05790545125537223,0.004324994134230708,0.046289173241204254,0.11757556644139047
communication,0.005485544848035574,-0.008041568724483313,0.11063094209161653,0.0669617726579701,-0.13252837430405837,0.11757556644139047
